{
  "accuracy": 0.8972833156585693,
  "loss": 0.2794688045978546,
  "val_accuracy": 0.9050999879837036,
  "val_loss": 0.25621849298477173,
  "epoch": 8,
  "global_step": 16875
}